city,country,lat,lon,date,timestamp,temperature,feels_like,humidity,pressure,wind_speed,wind_direction,cloudiness,visibility,weather_main,aqi,pm2_5,pm10,co,no2,o3,comfort_score,season,temp_category,humidity_category,aqi_category,temp_ma_7,humidity_ma_7
Cairo,EG,30.0444,31.2357,2025-06-05,2025-06-05T22:48:46.175858,31.6,30.8,32.8,1024.4,3.4,305,83.2,7.9,Rain,3.3,44.9,89.3,261.9,21.3,85.2,29.97,Été,Chaud,Modéré,Mauvais,31.6,32.8
Cairo,EG,30.0444,31.2357,2025-06-06,2025-06-06T22:48:46.175858,32.7,31.0,67.2,1027.1,5.3,230,78.4,5.9,Mist,2.7,47.7,91.8,673.8,31.6,84.9,31.59,Été,Chaud,Humide,Modéré,32.150000000000006,50.0
Cairo,EG,30.0444,31.2357,2025-06-07,2025-06-07T22:48:46.175858,27.8,30.6,33.8,987.2,0.8,185,35.9,11.2,Snow,3.3,42.2,57.2,717.1,40.8,63.3,27.09,Été,Chaud,Modéré,Mauvais,30.700000000000003,44.6
Cairo,EG,30.0444,31.2357,2025-06-08,2025-06-08T22:48:46.175858,30.2,32.5,60.2,1025.3,1.5,290,13.5,18.0,Rain,3.1,109.8,174.5,212.7,26.9,29.0,29.79,Été,Chaud,Humide,Mauvais,30.575000000000003,48.5
Cairo,EG,30.0444,31.2357,2025-06-09,2025-06-09T22:48:46.175858,20.4,20.5,59.2,1008.9,6.7,324,61.3,11.8,Thunderstorm,3.2,26.6,51.4,434.7,32.9,193.9,18.74,Été,Tempéré,Modéré,Mauvais,28.54,50.64
Cairo,EG,30.0444,31.2357,2025-06-10,2025-06-10T22:48:46.175858,26.8,27.6,37.1,1027.6,6.5,17,21.2,14.0,Clear,3.9,30.4,53.6,761.2,45.9,275.7,24.76,Été,Chaud,Modéré,Mauvais,28.25,48.38333333333333
Cairo,EG,30.0444,31.2357,2025-06-11,2025-06-11T22:48:46.175858,27.7,27.9,43.9,1007.1,13.5,62,67.1,15.6,Clouds,2.5,42.0,79.6,583.8,34.8,53.1,24.04,Été,Chaud,Modéré,Modéré,28.17142857142857,47.74285714285714
Cairo,EG,30.0444,31.2357,2025-06-12,2025-06-12T22:48:46.175858,28.6,25.9,58.4,1025.3,0.4,309,5.2,15.6,Thunderstorm,3.3,32.8,43.6,326.1,37.8,212.0,28.44,Été,Chaud,Modéré,Mauvais,27.742857142857144,51.4
Cairo,EG,30.0444,31.2357,2025-06-13,2025-06-13T22:48:46.175858,30.3,34.0,45.7,991.6,9.5,121,53.0,12.2,Rain,2.7,16.5,31.8,169.4,13.2,80.0,27.51,Été,Chaud,Modéré,Modéré,27.4,48.32857142857143
Cairo,EG,30.0444,31.2357,2025-06-14,2025-06-14T22:48:46.175858,24.9,25.2,41.0,1009.5,1.6,164,100.0,20.0,Mist,3.0,20.4,34.5,985.1,2.1,30.4,24.31,Été,Tempéré,Modéré,Modéré,26.985714285714288,49.357142857142854
Cairo,EG,30.0444,31.2357,2025-06-15,2025-06-15T22:48:46.175858,26.9,24.7,60.2,1025.2,3.3,165,63.0,10.3,Rain,3.4,52.7,65.7,294.3,20.9,58.1,26.04,Été,Chaud,Humide,Mauvais,26.514285714285712,49.357142857142854
Cairo,EG,30.0444,31.2357,2025-06-16,2025-06-16T22:48:46.175858,25.3,25.6,32.2,1042.2,5.8,43,59.1,19.1,Rain,3.9,36.2,65.5,600.0,29.0,68.9,23.53,Été,Chaud,Modéré,Mauvais,27.214285714285715,45.5
Cairo,EG,30.0444,31.2357,2025-06-17,2025-06-17T22:48:46.175858,29.4,27.9,39.7,1034.3,15.2,283,63.0,20.0,Mist,3.5,32.8,44.8,236.4,69.1,154.9,25.12,Été,Chaud,Modéré,Mauvais,27.585714285714285,45.871428571428574
Cairo,EG,30.0444,31.2357,2025-06-18,2025-06-18T22:48:46.175858,26.8,24.6,52.2,1000.4,4.2,99,51.8,7.7,Snow,3.7,93.3,165.0,395.3,109.9,187.2,25.62,Été,Chaud,Modéré,Mauvais,27.457142857142856,47.057142857142864
Cairo,EG,30.0444,31.2357,2025-06-19,2025-06-19T22:48:46.175858,24.0,25.5,53.4,1000.4,7.6,156,23.7,9.5,Mist,4.4,16.1,26.3,1075.1,51.4,58.1,22.01,Été,Tempéré,Modéré,Très mauvais,26.8,46.34285714285714
Cairo,EG,30.0444,31.2357,2025-06-20,2025-06-20T22:48:46.175858,24.9,26.7,44.9,1011.0,4.7,299,32.2,4.6,Clear,3.4,16.0,29.7,525.6,73.6,176.4,23.5,Été,Tempéré,Modéré,Mauvais,26.028571428571432,46.228571428571435
Cairo,EG,30.0444,31.2357,2025-06-21,2025-06-21T22:48:46.175858,25.1,25.9,37.6,1001.1,4.5,261,30.9,13.4,Clouds,3.5,25.5,40.3,266.9,65.5,47.2,23.74,Été,Chaud,Modéré,Mauvais,26.057142857142857,45.74285714285714
Cairo,EG,30.0444,31.2357,2025-06-22,2025-06-22T22:48:46.175858,30.4,29.2,40.2,1015.4,8.3,196,42.6,17.4,Clouds,2.7,42.8,54.2,82.7,14.3,116.1,27.77,Été,Chaud,Modéré,Modéré,26.557142857142857,42.88571428571429
Cairo,EG,30.0444,31.2357,2025-06-23,2025-06-23T22:48:46.175858,18.9,20.6,47.3,1017.0,14.7,49,58.5,9.3,Clouds,3.7,30.8,61.5,153.4,47.5,99.7,15.29,Été,Tempéré,Modéré,Mauvais,25.642857142857142,45.042857142857144
Cairo,EG,30.0444,31.2357,2025-06-24,2025-06-24T22:48:46.175858,24.7,24.4,37.8,1000.0,1.3,63,95.5,18.8,Clear,2.1,52.5,95.0,364.8,120.8,87.1,24.14,Été,Tempéré,Modéré,Modéré,24.97142857142857,44.771428571428565
Cairo,EG,30.0444,31.2357,2025-06-25,2025-06-25T22:48:46.175858,18.8,21.5,60.1,1028.1,3.2,230,37.1,9.6,Clouds,3.2,22.3,40.1,231.6,45.2,30.6,17.97,Été,Tempéré,Humide,Mauvais,23.828571428571426,45.9
Cairo,EG,30.0444,31.2357,2025-06-26,2025-06-26T22:48:46.175858,23.5,23.7,55.5,1005.0,5.0,5,43.9,13.8,Clouds,4.1,78.7,141.6,199.2,48.8,228.1,22.17,Été,Tempéré,Modéré,Très mauvais,23.757142857142856,46.2
Cairo,EG,30.0444,31.2357,2025-06-27,2025-06-27T22:48:46.175858,25.9,23.5,38.0,990.0,3.9,20,75.2,20.0,Clouds,2.6,27.8,37.5,754.6,67.3,44.1,24.64,Été,Chaud,Modéré,Modéré,23.9,45.214285714285715
Cairo,EG,30.0444,31.2357,2025-06-28,2025-06-28T22:48:46.175858,25.4,24.0,48.0,1017.4,4.0,204,98.9,16.3,Clear,2.6,30.7,47.6,810.7,15.2,31.9,24.26,Été,Chaud,Modéré,Modéré,23.942857142857143,46.7
Cairo,EG,30.0444,31.2357,2025-06-29,2025-06-29T22:48:46.175858,26.3,24.1,28.3,1009.5,11.1,126,39.8,20.0,Clear,3.5,65.1,97.3,502.4,33.7,106.4,23.08,Été,Chaud,Sec,Mauvais,23.357142857142858,45.0
Cairo,EG,30.0444,31.2357,2025-06-30,2025-06-30T22:48:46.175858,21.1,21.5,35.8,1017.9,3.8,281,100.0,9.8,Clouds,3.2,59.0,88.1,253.6,90.1,23.6,20.05,Été,Tempéré,Modéré,Mauvais,23.671428571428574,43.357142857142854
Cairo,EG,30.0444,31.2357,2025-07-01,2025-07-01T22:48:46.175858,19.5,17.7,37.5,1008.5,4.8,63,37.9,14.8,Clouds,3.4,27.1,45.2,633.7,75.5,61.6,18.37,Été,Tempéré,Modéré,Mauvais,22.928571428571427,43.31428571428571
Cairo,EG,30.0444,31.2357,2025-07-02,2025-07-02T22:48:46.175858,25.9,22.0,38.3,1003.7,4.0,219,77.9,15.0,Clear,2.7,157.6,302.3,140.2,23.1,158.4,24.6,Été,Chaud,Modéré,Modéré,23.942857142857147,40.199999999999996
Cairo,EG,30.0444,31.2357,2025-07-03,2025-07-03T22:48:46.175858,15.9,16.2,38.7,1022.1,1.5,192,74.7,8.7,Rain,3.0,58.9,114.5,116.1,87.4,15.6,15.7,Été,Tempéré,Modéré,Modéré,22.857142857142858,37.800000000000004
Cairo,EG,30.0444,31.2357,2025-07-04,2025-07-04T22:48:46.175858,17.2,14.2,40.9,1031.5,8.0,261,100.0,15.0,Rain,2.4,44.6,69.6,345.9,22.5,40.2,15.33,Été,Tempéré,Modéré,Modéré,21.614285714285717,38.214285714285715
Cape Town,ZA,-33.9249,18.4241,2025-06-05,2025-06-05T22:48:46.175858,9.9,10.6,91.2,1000.7,29.4,308,14.5,17.7,Rain,1.2,42.9,77.8,1121.5,40.7,79.3,1.77,Hiver,Frais,Très humide,Bon,9.9,91.2
Cape Town,ZA,-33.9249,18.4241,2025-06-06,2025-06-06T22:48:46.175858,6.6,5.8,92.5,1004.4,4.5,214,52.3,17.7,Clouds,2.2,10.5,18.4,223.3,28.8,56.7,4.39,Hiver,Frais,Très humide,Modéré,8.25,91.85
Cape Town,ZA,-33.9249,18.4241,2025-06-07,2025-06-07T22:48:46.175858,16.5,16.8,64.8,1014.0,10.3,191,51.4,6.3,Clear,2.4,10.3,17.0,206.3,71.7,49.1,13.93,Hiver,Tempéré,Humide,Modéré,11.0,82.83333333333333
Cape Town,ZA,-33.9249,18.4241,2025-06-08,2025-06-08T22:48:46.175858,13.7,12.0,58.8,1028.0,5.0,175,15.4,12.2,Mist,2.5,13.6,17.8,221.0,90.9,77.2,12.41,Hiver,Frais,Modéré,Modéré,11.675,76.825
Cape Town,ZA,-33.9249,18.4241,2025-06-09,2025-06-09T22:48:46.175858,15.3,13.2,57.9,1003.8,4.4,49,75.6,16.3,Snow,2.7,53.9,102.2,377.7,19.7,101.8,14.26,Hiver,Tempéré,Modéré,Modéré,12.4,73.03999999999999
Cape Town,ZA,-33.9249,18.4241,2025-06-10,2025-06-10T22:48:46.175858,12.4,9.3,75.1,999.5,14.7,234,45.8,20.0,Rain,1.5,18.5,23.8,687.3,61.0,84.7,8.48,Hiver,Frais,Humide,Bon,12.4,73.38333333333333
Cape Town,ZA,-33.9249,18.4241,2025-06-11,2025-06-11T22:48:46.175858,14.8,11.9,65.0,1016.9,7.3,100,0.0,18.1,Clouds,1.6,32.6,61.8,571.5,82.9,68.9,12.94,Hiver,Frais,Humide,Bon,12.742857142857144,72.18571428571428
Cape Town,ZA,-33.9249,18.4241,2025-06-12,2025-06-12T22:48:46.175858,8.9,7.6,83.1,1013.3,3.4,245,100.0,12.9,Rain,1.2,16.6,20.0,791.6,7.3,13.0,7.4,Hiver,Frais,Très humide,Bon,12.599999999999998,71.02857142857142
Cape Town,ZA,-33.9249,18.4241,2025-06-13,2025-06-13T22:48:46.175858,14.0,13.1,67.2,991.3,5.3,246,46.7,20.0,Thunderstorm,2.1,26.8,36.9,390.4,88.6,38.0,12.58,Hiver,Frais,Humide,Modéré,13.657142857142857,67.41428571428571
Cape Town,ZA,-33.9249,18.4241,2025-06-14,2025-06-14T22:48:46.175858,12.8,8.4,87.1,1015.5,11.4,215,78.2,14.8,Clouds,2.4,19.4,26.1,590.6,35.5,131.1,9.51,Hiver,Frais,Très humide,Modéré,13.12857142857143,70.6
Cape Town,ZA,-33.9249,18.4241,2025-06-15,2025-06-15T22:48:46.175858,13.2,14.0,60.2,1013.3,0.7,220,53.4,18.3,Rain,2.4,5.0,9.3,378.4,48.9,145.0,13.0,Hiver,Frais,Humide,Modéré,13.057142857142859,70.8
Cape Town,ZA,-33.9249,18.4241,2025-06-16,2025-06-16T22:48:46.175858,11.6,13.8,71.6,1024.1,4.0,324,25.2,20.0,Clouds,1.5,21.8,31.0,953.7,7.0,18.3,10.38,Hiver,Frais,Humide,Bon,12.528571428571428,72.75714285714285
Cape Town,ZA,-33.9249,18.4241,2025-06-17,2025-06-17T22:48:46.175858,15.4,13.9,78.0,993.0,2.8,198,91.2,17.2,Rain,1.9,12.5,23.8,1544.8,3.1,44.2,14.48,Hiver,Tempéré,Humide,Bon,12.957142857142856,73.17142857142856
Cape Town,ZA,-33.9249,18.4241,2025-06-18,2025-06-18T22:48:46.175858,16.9,14.6,56.4,1000.6,8.1,126,70.5,14.4,Clear,2.1,42.6,71.9,229.4,87.0,19.1,14.9,Hiver,Tempéré,Modéré,Modéré,13.257142857142856,71.94285714285714
Cape Town,ZA,-33.9249,18.4241,2025-06-19,2025-06-19T22:48:46.175858,12.8,14.7,82.1,1023.4,10.1,341,99.6,10.9,Clouds,1.4,61.4,75.3,501.6,16.4,105.9,9.85,Hiver,Frais,Très humide,Bon,13.814285714285715,71.8
Cape Town,ZA,-33.9249,18.4241,2025-06-20,2025-06-20T22:48:46.175858,10.3,12.3,61.6,1001.3,12.7,66,36.5,14.7,Rain,2.1,13.2,21.3,135.5,9.0,109.9,7.1,Hiver,Frais,Humide,Modéré,13.285714285714286,71.0
Cape Town,ZA,-33.9249,18.4241,2025-06-21,2025-06-21T22:48:46.175858,19.3,24.1,56.1,1009.4,9.3,76,51.1,16.0,Thunderstorm,1.0,35.1,53.2,389.6,51.4,106.3,16.96,Hiver,Tempéré,Modéré,Excellent,14.214285714285714,66.57142857142857
Cape Town,ZA,-33.9249,18.4241,2025-06-22,2025-06-22T22:48:46.175858,17.1,17.8,79.2,979.4,1.9,102,100.0,8.9,Rain,2.2,26.5,49.6,164.8,55.2,102.7,16.48,Hiver,Tempéré,Humide,Modéré,14.771428571428572,69.28571428571429
Cape Town,ZA,-33.9249,18.4241,2025-06-23,2025-06-23T22:48:46.175858,19.8,22.5,83.5,1002.5,2.1,67,61.3,16.6,Clear,1.7,24.6,34.4,333.4,41.3,317.9,19.29,Hiver,Tempéré,Très humide,Bon,15.942857142857141,70.98571428571428
Cape Town,ZA,-33.9249,18.4241,2025-06-24,2025-06-24T22:48:46.175858,24.2,22.5,95.0,1022.7,7.7,225,100.0,15.7,Clear,2.3,21.0,40.2,276.1,52.9,38.5,22.61,Hiver,Tempéré,Très humide,Modéré,17.2,73.41428571428571
Cape Town,ZA,-33.9249,18.4241,2025-06-25,2025-06-25T22:48:46.175858,17.5,17.9,76.4,1017.7,2.4,238,27.6,12.8,Clouds,1.5,13.3,19.4,218.0,42.0,31.3,16.75,Hiver,Tempéré,Humide,Bon,17.285714285714285,76.27142857142857
Cape Town,ZA,-33.9249,18.4241,2025-06-26,2025-06-26T22:48:46.175858,22.2,23.5,58.8,1015.3,17.9,41,33.7,10.8,Rain,2.1,5.0,8.6,84.7,29.3,88.4,17.73,Hiver,Tempéré,Modéré,Modéré,18.62857142857143,72.94285714285714
Cape Town,ZA,-33.9249,18.4241,2025-06-27,2025-06-27T22:48:46.175858,13.2,14.0,55.4,1028.8,8.4,138,24.8,18.8,Clouds,2.2,47.5,94.1,423.9,35.8,65.8,11.2,Hiver,Frais,Modéré,Modéré,19.04285714285714,72.05714285714286
Cape Town,ZA,-33.9249,18.4241,2025-06-28,2025-06-28T22:48:46.175858,12.5,13.2,79.7,993.5,4.2,205,100.0,16.2,Clouds,2.4,81.0,119.4,543.0,67.5,183.1,11.07,Hiver,Frais,Humide,Modéré,18.071428571428573,75.42857142857143
Cape Town,ZA,-33.9249,18.4241,2025-06-29,2025-06-29T22:48:46.175858,15.2,19.3,70.0,1006.5,2.3,215,45.3,11.1,Clear,1.6,34.7,65.0,423.3,36.5,185.0,14.48,Hiver,Tempéré,Humide,Bon,17.8,74.11428571428571
Cape Town,ZA,-33.9249,18.4241,2025-06-30,2025-06-30T22:48:46.175858,14.1,16.7,79.3,1012.2,6.4,236,46.6,9.6,Clear,2.6,6.4,10.8,357.0,7.6,68.3,12.25,Hiver,Frais,Humide,Modéré,16.985714285714284,73.51428571428572
Cape Town,ZA,-33.9249,18.4241,2025-07-01,2025-07-01T22:48:46.175858,14.3,11.5,69.1,1008.9,3.1,22,60.7,13.6,Clouds,1.8,56.3,96.8,450.5,31.0,92.9,13.35,Hiver,Frais,Humide,Bon,15.571428571428571,69.81428571428572
Cape Town,ZA,-33.9249,18.4241,2025-07-02,2025-07-02T22:48:46.175858,21.9,25.2,75.3,1016.7,3.6,348,72.0,15.5,Clouds,2.0,54.8,84.7,91.1,62.1,12.8,21.12,Hiver,Tempéré,Humide,Bon,16.2,69.65714285714286
Cape Town,ZA,-33.9249,18.4241,2025-07-03,2025-07-03T22:48:46.175858,20.7,20.1,73.4,1009.2,3.0,214,36.6,12.6,Clear,2.5,14.5,26.5,777.9,9.8,103.8,19.99,Hiver,Tempéré,Humide,Modéré,15.985714285714284,71.74285714285715
Cape Town,ZA,-33.9249,18.4241,2025-07-04,2025-07-04T22:48:46.175858,18.0,17.7,87.6,976.3,1.6,331,43.7,12.5,Clear,1.0,51.0,98.4,55.7,63.8,230.0,17.49,Hiver,Tempéré,Très humide,Excellent,16.67142857142857,76.34285714285714
London,GB,51.5074,-0.1278,2025-06-05,2025-06-05T22:48:46.175858,13.7,13.8,73.1,1036.5,14.9,142,10.4,6.1,Clouds,2.6,40.3,65.9,552.2,4.7,78.5,9.74,Été,Frais,Humide,Modéré,13.7,73.1
London,GB,51.5074,-0.1278,2025-06-06,2025-06-06T22:48:46.175858,15.3,13.3,82.0,976.2,3.9,185,64.3,14.4,Clouds,2.0,25.8,46.8,1187.9,79.6,94.0,14.09,Été,Tempéré,Très humide,Bon,14.5,77.55
London,GB,51.5074,-0.1278,2025-06-07,2025-06-07T22:48:46.175858,14.6,14.5,60.0,1002.2,3.2,189,100.0,20.0,Rain,2.1,24.8,37.7,248.3,21.3,133.1,13.77,Été,Frais,Modéré,Modéré,14.533333333333333,71.7
London,GB,51.5074,-0.1278,2025-06-08,2025-06-08T22:48:46.175858,14.3,11.0,81.6,1030.8,9.3,180,0.0,18.9,Clear,1.6,16.1,24.6,357.2,58.7,30.4,11.65,Été,Frais,Très humide,Bon,14.475,74.175
London,GB,51.5074,-0.1278,2025-06-09,2025-06-09T22:48:46.175858,12.2,12.7,80.3,1034.3,1.5,227,69.7,16.4,Clear,1.0,6.4,8.7,198.8,46.2,339.0,11.46,Été,Frais,Très humide,Excellent,14.02,75.4
London,GB,51.5074,-0.1278,2025-06-10,2025-06-10T22:48:46.175858,16.9,19.1,67.8,1013.2,6.9,259,24.1,4.6,Clouds,1.8,15.3,23.6,44.0,42.5,91.0,15.16,Été,Tempéré,Humide,Bon,14.5,74.13333333333333
London,GB,51.5074,-0.1278,2025-06-11,2025-06-11T22:48:46.175858,7.7,8.5,80.4,1032.3,5.0,347,38.4,20.0,Thunderstorm,1.5,53.7,90.8,115.6,3.1,42.2,5.85,Été,Frais,Très humide,Bon,13.528571428571428,75.02857142857144
London,GB,51.5074,-0.1278,2025-06-12,2025-06-12T22:48:46.175858,7.8,6.4,85.0,1010.4,1.0,61,95.1,6.5,Mist,2.0,53.2,84.6,595.9,25.0,80.8,6.81,Été,Frais,Très humide,Bon,12.685714285714285,76.72857142857141
London,GB,51.5074,-0.1278,2025-06-13,2025-06-13T22:48:46.175858,14.5,14.7,83.3,1024.4,1.4,259,73.6,8.3,Rain,1.9,34.9,43.7,381.1,78.4,107.6,13.86,Été,Frais,Très humide,Bon,12.571428571428571,76.91428571428571
London,GB,51.5074,-0.1278,2025-06-14,2025-06-14T22:48:46.175858,14.8,14.9,76.4,1021.2,17.0,45,72.2,20.0,Clear,2.0,9.4,16.5,244.6,15.2,76.3,10.3,Été,Frais,Humide,Bon,12.6,79.25714285714285
London,GB,51.5074,-0.1278,2025-06-15,2025-06-15T22:48:46.175858,12.5,10.7,71.7,1027.5,0.8,226,57.7,15.5,Clouds,1.5,8.8,15.4,181.5,25.6,57.3,12.09,Été,Frais,Humide,Bon,12.342857142857142,77.84285714285714
London,GB,51.5074,-0.1278,2025-06-16,2025-06-16T22:48:46.175858,17.5,19.3,81.0,1039.3,0.4,84,56.3,17.1,Rain,1.5,11.3,17.9,538.1,25.3,56.1,17.25,Été,Tempéré,Très humide,Bon,13.1,77.94285714285715
London,GB,51.5074,-0.1278,2025-06-17,2025-06-17T22:48:46.175858,12.1,10.5,88.2,1009.9,2.8,29,32.1,15.2,Clouds,1.7,7.9,15.7,287.9,73.6,43.2,10.79,Été,Frais,Très humide,Bon,12.414285714285715,80.85714285714286
London,GB,51.5074,-0.1278,2025-06-18,2025-06-18T22:48:46.175858,13.0,12.1,67.8,1018.6,13.9,236,44.8,10.4,Clear,1.5,6.5,8.0,140.7,41.8,201.2,9.39,Été,Frais,Humide,Bon,13.171428571428573,79.05714285714285
London,GB,51.5074,-0.1278,2025-06-19,2025-06-19T22:48:46.175858,15.8,12.4,69.4,987.8,6.4,123,47.7,6.3,Clear,2.4,17.2,22.0,589.1,18.7,329.1,14.12,Été,Tempéré,Humide,Modéré,14.314285714285715,76.82857142857142
London,GB,51.5074,-0.1278,2025-06-20,2025-06-20T22:48:46.175858,11.1,11.8,74.2,1018.2,5.3,247,92.6,14.1,Clouds,1.4,16.4,30.9,1113.1,39.6,44.8,9.49,Été,Frais,Humide,Bon,13.828571428571427,75.52857142857144
London,GB,51.5074,-0.1278,2025-06-21,2025-06-21T22:48:46.175858,14.1,12.8,83.6,1037.2,10.2,186,34.8,19.6,Rain,1.0,42.9,73.3,186.2,31.0,95.4,11.2,Été,Frais,Très humide,Excellent,13.72857142857143,76.55714285714285
London,GB,51.5074,-0.1278,2025-06-22,2025-06-22T22:48:46.175858,11.3,13.6,89.1,1026.8,2.2,60,100.0,8.8,Thunderstorm,3.3,11.4,22.6,173.6,84.3,74.4,10.1,Été,Frais,Très humide,Mauvais,13.557142857142859,79.04285714285713
London,GB,51.5074,-0.1278,2025-06-23,2025-06-23T22:48:46.175858,12.5,14.1,53.8,1032.0,18.6,119,10.9,18.7,Clear,2.4,24.5,31.8,360.5,31.3,73.0,7.95,Été,Frais,Modéré,Modéré,12.842857142857143,75.15714285714284
London,GB,51.5074,-0.1278,2025-06-24,2025-06-24T22:48:46.175858,18.4,15.9,69.1,1044.3,5.5,278,94.9,20.0,Snow,1.2,51.9,90.0,165.2,69.2,149.8,17.02,Été,Tempéré,Humide,Bon,13.742857142857142,72.42857142857143
London,GB,51.5074,-0.1278,2025-06-25,2025-06-25T22:48:46.175858,9.4,13.6,78.8,1003.0,5.8,234,44.2,20.0,Rain,2.7,22.7,36.2,207.1,16.8,48.0,7.46,Été,Frais,Humide,Modéré,13.228571428571428,74.0
London,GB,51.5074,-0.1278,2025-06-26,2025-06-26T22:48:46.175858,9.5,11.1,81.1,979.1,4.7,48,45.4,17.6,Clouds,1.9,12.8,23.4,108.4,31.2,37.0,7.8,Été,Frais,Très humide,Bon,12.328571428571427,75.67142857142856
London,GB,51.5074,-0.1278,2025-06-27,2025-06-27T22:48:46.175858,13.0,12.6,79.9,989.4,9.0,279,34.1,12.8,Clouds,2.2,28.7,56.7,304.0,18.4,15.9,10.44,Été,Frais,Humide,Modéré,12.6,76.48571428571428
London,GB,51.5074,-0.1278,2025-06-28,2025-06-28T22:48:46.175858,12.2,9.8,64.6,1026.8,4.1,144,75.4,12.2,Clear,2.3,12.7,22.3,183.0,77.2,38.3,11.09,Été,Frais,Humide,Modéré,12.328571428571427,73.77142857142857
London,GB,51.5074,-0.1278,2025-06-29,2025-06-29T22:48:46.175858,10.7,11.8,84.5,1024.6,1.7,321,50.4,20.0,Mist,2.0,37.6,64.0,173.7,24.9,70.5,9.66,Été,Frais,Très humide,Bon,12.242857142857144,73.11428571428571
London,GB,51.5074,-0.1278,2025-06-30,2025-06-30T22:48:46.175858,8.4,10.0,77.8,1038.6,4.0,46,80.3,17.8,Clouds,1.7,28.5,55.2,247.6,20.1,71.7,6.85,Été,Frais,Humide,Bon,11.657142857142857,76.54285714285713
London,GB,51.5074,-0.1278,2025-07-01,2025-07-01T22:48:46.175858,8.2,11.4,72.7,990.0,7.1,270,85.8,18.2,Rain,1.4,19.9,39.5,643.6,9.1,154.5,6.09,Été,Frais,Humide,Bon,10.200000000000001,77.05714285714285
London,GB,51.5074,-0.1278,2025-07-02,2025-07-02T22:48:46.175858,12.8,12.2,63.2,987.7,1.4,129,54.7,17.0,Rain,1.0,18.9,36.2,357.6,30.4,123.9,12.4,Été,Frais,Humide,Excellent,10.685714285714285,74.82857142857142
London,GB,51.5074,-0.1278,2025-07-03,2025-07-03T22:48:46.175858,6.5,4.7,73.3,1010.3,5.8,270,52.4,17.3,Snow,2.1,39.3,71.6,144.4,39.3,29.4,4.58,Été,Frais,Humide,Modéré,10.257142857142856,73.71428571428571
London,GB,51.5074,-0.1278,2025-07-04,2025-07-04T22:48:46.175858,10.8,8.2,78.9,1000.3,4.2,180,100.0,13.8,Clear,1.5,44.2,83.1,360.9,17.9,78.1,9.35,Été,Frais,Humide,Bon,9.942857142857141,73.57142857142857
Moscow,RU,55.7558,37.6176,2025-06-05,2025-06-05T22:48:46.175858,15.2,14.7,74.1,995.5,5.2,56,67.8,11.0,Mist,2.1,21.1,34.3,309.3,24.9,25.2,13.77,Été,Tempéré,Humide,Modéré,15.2,74.1
Moscow,RU,55.7558,37.6176,2025-06-06,2025-06-06T22:48:46.175858,15.5,14.3,73.2,1016.8,2.0,115,68.3,15.8,Rain,2.0,43.7,83.8,181.9,14.1,131.8,14.83,Été,Tempéré,Humide,Bon,15.35,73.65
Moscow,RU,55.7558,37.6176,2025-06-07,2025-06-07T22:48:46.175858,17.6,18.0,63.5,1003.8,4.2,15,42.0,10.3,Clear,1.4,6.5,11.5,595.6,38.4,90.6,16.57,Été,Tempéré,Humide,Bon,16.099999999999998,70.26666666666667
Moscow,RU,55.7558,37.6176,2025-06-08,2025-06-08T22:48:46.175858,18.1,19.9,92.5,1047.2,5.8,147,38.8,7.9,Clouds,1.6,57.5,77.5,468.5,44.8,52.4,16.5,Été,Tempéré,Très humide,Bon,16.6,75.825
Moscow,RU,55.7558,37.6176,2025-06-09,2025-06-09T22:48:46.175858,14.4,14.7,84.7,1021.2,1.9,91,39.0,7.0,Snow,1.5,15.3,24.1,296.9,14.8,21.6,13.55,Été,Frais,Très humide,Bon,16.16,77.6
Moscow,RU,55.7558,37.6176,2025-06-10,2025-06-10T22:48:46.175858,19.3,23.0,73.4,1004.9,7.8,202,81.0,15.0,Rain,2.3,72.2,111.6,207.2,32.0,104.5,17.3,Été,Tempéré,Humide,Modéré,16.683333333333334,76.89999999999999
Moscow,RU,55.7558,37.6176,2025-06-11,2025-06-11T22:48:46.175858,17.6,16.9,65.2,1003.3,4.3,90,1.8,20.0,Clear,2.6,33.2,57.2,600.0,33.1,147.4,16.51,Été,Tempéré,Humide,Modéré,16.814285714285713,75.22857142857143
Moscow,RU,55.7558,37.6176,2025-06-12,2025-06-12T22:48:46.175858,18.9,16.6,66.6,1029.8,4.3,245,100.0,11.0,Clear,2.8,11.1,18.1,253.2,20.1,103.3,17.8,Été,Tempéré,Humide,Modéré,17.342857142857145,74.15714285714286
Moscow,RU,55.7558,37.6176,2025-06-13,2025-06-13T22:48:46.175858,13.7,11.6,57.6,981.9,7.9,21,54.3,12.9,Rain,2.5,34.6,69.1,344.7,8.2,180.5,11.75,Été,Frais,Modéré,Modéré,17.085714285714285,71.92857142857143
Moscow,RU,55.7558,37.6176,2025-06-14,2025-06-14T22:48:46.175858,11.2,10.2,73.6,993.1,7.2,276,69.5,8.4,Clear,1.9,8.0,15.7,366.2,6.3,83.1,9.08,Été,Frais,Humide,Bon,16.17142857142857,73.37142857142858
Moscow,RU,55.7558,37.6176,2025-06-15,2025-06-15T22:48:46.175858,14.8,17.5,68.7,987.3,1.6,150,30.9,20.0,Clear,2.2,44.6,80.8,178.4,146.4,97.7,14.3,Été,Frais,Humide,Modéré,15.7,69.97142857142858
Moscow,RU,55.7558,37.6176,2025-06-16,2025-06-16T22:48:46.175858,13.7,15.1,62.9,1022.7,6.1,132,43.8,11.3,Thunderstorm,2.6,38.6,66.5,172.5,57.8,83.5,12.14,Été,Frais,Humide,Modéré,15.6,66.85714285714286
Moscow,RU,55.7558,37.6176,2025-06-17,2025-06-17T22:48:46.175858,14.8,15.0,70.6,1001.3,2.2,356,45.9,15.2,Mist,2.6,79.5,156.1,1065.7,71.2,85.5,14.16,Été,Frais,Humide,Modéré,14.957142857142857,66.45714285714287
Moscow,RU,55.7558,37.6176,2025-06-18,2025-06-18T22:48:46.175858,7.9,7.8,78.9,1025.8,4.6,44,90.9,15.9,Rain,3.1,21.8,32.4,572.1,72.3,42.6,6.17,Été,Frais,Humide,Mauvais,13.571428571428571,68.41428571428571
Moscow,RU,55.7558,37.6176,2025-06-19,2025-06-19T22:48:46.175858,15.1,15.3,80.0,1035.3,1.6,202,39.7,15.0,Clouds,2.3,39.6,62.2,1361.3,0.5,87.0,14.5,Été,Tempéré,Humide,Modéré,13.028571428571427,70.32857142857144
Moscow,RU,55.7558,37.6176,2025-06-20,2025-06-20T22:48:46.175858,13.1,15.1,75.7,1036.0,7.8,353,18.4,18.4,Clouds,2.6,32.2,47.9,305.8,36.7,46.7,10.84,Été,Frais,Humide,Modéré,12.942857142857145,72.91428571428571
Moscow,RU,55.7558,37.6176,2025-06-21,2025-06-21T22:48:46.175858,13.1,16.8,72.5,984.4,6.0,208,59.0,17.0,Clear,2.4,42.8,82.7,88.9,24.7,57.9,11.39,Été,Frais,Humide,Modéré,13.214285714285714,72.75714285714285
Moscow,RU,55.7558,37.6176,2025-06-22,2025-06-22T22:48:46.175858,10.2,13.5,73.1,1012.2,2.4,1,64.0,13.9,Rain,2.1,10.7,21.2,208.3,15.4,261.0,9.27,Été,Frais,Humide,Modéré,12.557142857142859,73.38571428571427
Moscow,RU,55.7558,37.6176,2025-06-23,2025-06-23T22:48:46.175858,14.1,14.0,57.8,1032.3,0.9,66,16.0,9.8,Snow,2.1,55.0,98.8,304.1,7.0,62.0,13.92,Été,Frais,Modéré,Modéré,12.614285714285714,72.65714285714286
Moscow,RU,55.7558,37.6176,2025-06-24,2025-06-24T22:48:46.175858,8.7,5.1,58.2,1013.5,3.8,180,35.0,19.5,Clear,2.7,30.9,38.5,414.3,39.8,124.2,7.78,Été,Frais,Modéré,Modéré,11.742857142857144,70.88571428571429
Moscow,RU,55.7558,37.6176,2025-06-25,2025-06-25T22:48:46.175858,7.5,6.9,82.5,1016.3,5.4,256,100.0,8.8,Clouds,2.4,25.1,37.9,418.5,20.9,84.7,5.48,Été,Frais,Très humide,Modéré,11.685714285714285,71.4
Moscow,RU,55.7558,37.6176,2025-06-26,2025-06-26T22:48:46.175858,8.6,4.7,63.8,1028.0,4.8,43,88.4,16.9,Rain,2.9,55.0,102.4,301.5,34.8,95.1,7.26,Été,Frais,Humide,Modéré,10.757142857142856,69.08571428571429
Moscow,RU,55.7558,37.6176,2025-06-27,2025-06-27T22:48:46.175858,6.0,6.4,83.0,1007.5,7.4,16,70.3,16.2,Clouds,2.8,9.4,14.7,175.3,18.0,209.5,3.33,Été,Frais,Très humide,Modéré,9.742857142857144,70.12857142857142
Moscow,RU,55.7558,37.6176,2025-06-28,2025-06-28T22:48:46.175858,5.9,6.7,85.1,1013.0,3.1,57,29.4,18.8,Rain,2.4,37.4,73.0,838.3,8.9,208.9,4.24,Été,Frais,Très humide,Modéré,8.714285714285714,71.92857142857143
Moscow,RU,55.7558,37.6176,2025-06-29,2025-06-29T22:48:46.175858,9.3,10.2,90.1,1000.2,6.2,146,72.0,20.0,Clear,1.9,31.4,61.6,481.7,27.2,379.5,6.99,Été,Frais,Très humide,Bon,8.585714285714285,74.35714285714286
Moscow,RU,55.7558,37.6176,2025-06-30,2025-06-30T22:48:46.175858,4.0,2.5,67.5,1025.2,6.5,279,14.9,19.3,Clear,2.6,9.9,15.9,38.2,14.6,64.3,2.13,Été,Frais,Humide,Modéré,7.142857142857143,75.74285714285715
Moscow,RU,55.7558,37.6176,2025-07-01,2025-07-01T22:48:46.175858,-0.2,-3.9,80.4,1000.3,5.4,313,60.2,10.7,Clear,2.5,35.5,52.3,153.3,36.4,186.0,-2.6,Été,Froid,Très humide,Modéré,5.871428571428572,78.91428571428571
Moscow,RU,55.7558,37.6176,2025-07-02,2025-07-02T22:48:46.175858,6.4,7.6,57.7,1028.1,2.8,226,75.1,5.5,Snow,2.3,8.1,10.7,121.5,51.7,77.0,5.81,Été,Frais,Modéré,Modéré,5.714285714285714,75.37142857142858
Moscow,RU,55.7558,37.6176,2025-07-03,2025-07-03T22:48:46.175858,5.6,7.1,49.1,1027.2,11.2,246,0.0,19.0,Rain,2.2,45.4,54.5,418.7,37.5,426.9,3.16,Été,Frais,Modéré,Modéré,5.285714285714286,73.27142857142857
Moscow,RU,55.7558,37.6176,2025-07-04,2025-07-04T22:48:46.175858,-0.2,1.0,55.4,1007.2,3.8,61,55.5,7.1,Clear,2.7,33.9,48.3,129.9,44.4,40.1,-0.86,Été,Froid,Modéré,Modéré,4.4,69.32857142857144
Mumbai,IN,19.076,72.8777,2025-06-05,2025-06-05T22:48:46.175858,32.4,33.8,73.8,1022.2,6.7,313,24.9,19.6,Clouds,4.1,49.3,78.0,521.2,18.8,119.0,31.14,Été,Chaud,Humide,Très mauvais,32.4,73.8
Mumbai,IN,19.076,72.8777,2025-06-06,2025-06-06T22:48:46.175858,28.2,26.3,80.6,1007.0,12.2,164,68.8,3.0,Clear,3.3,68.8,90.5,208.9,50.9,51.3,25.55,Été,Chaud,Très humide,Mauvais,30.299999999999997,77.19999999999999
Mumbai,IN,19.076,72.8777,2025-06-07,2025-06-07T22:48:46.175858,30.3,29.1,73.1,1016.9,13.0,176,91.0,14.7,Rain,3.3,24.6,30.6,263.7,28.2,52.5,27.42,Été,Chaud,Humide,Mauvais,30.3,75.83333333333333
Mumbai,IN,19.076,72.8777,2025-06-08,2025-06-08T22:48:46.175858,28.2,27.8,76.9,1012.8,7.5,324,90.8,14.9,Clear,4.2,38.4,52.4,170.3,37.7,46.0,26.72,Été,Chaud,Humide,Très mauvais,29.775,76.1
Mumbai,IN,19.076,72.8777,2025-06-09,2025-06-09T22:48:46.175858,24.7,26.5,71.1,997.0,3.7,110,100.0,20.0,Clear,4.1,52.4,92.6,610.5,70.7,151.6,23.93,Été,Tempéré,Humide,Très mauvais,28.76,75.1
Mumbai,IN,19.076,72.8777,2025-06-10,2025-06-10T22:48:46.175858,27.9,25.1,63.8,1025.2,5.4,20,21.3,14.2,Clear,3.3,80.8,113.8,694.4,128.3,80.9,26.61,Été,Chaud,Humide,Mauvais,28.616666666666664,73.21666666666665
Mumbai,IN,19.076,72.8777,2025-06-11,2025-06-11T22:48:46.175858,26.7,30.9,75.5,1000.0,7.8,218,68.6,20.0,Thunderstorm,4.3,82.2,100.3,367.2,23.5,180.1,25.02,Été,Chaud,Humide,Très mauvais,28.342857142857145,73.54285714285713
Mumbai,IN,19.076,72.8777,2025-06-12,2025-06-12T22:48:46.175858,31.5,32.5,75.4,1005.4,4.0,105,78.2,9.7,Mist,3.9,61.2,107.4,269.1,21.6,176.8,30.9,Été,Chaud,Humide,Mauvais,28.214285714285715,73.77142857142857
Mumbai,IN,19.076,72.8777,2025-06-13,2025-06-13T22:48:46.175858,30.7,29.0,84.8,1024.3,1.6,123,37.3,17.6,Clouds,3.8,23.7,45.0,526.2,32.5,129.4,31.0,Été,Chaud,Très humide,Mauvais,28.571428571428573,74.37142857142858
Mumbai,IN,19.076,72.8777,2025-06-14,2025-06-14T22:48:46.175858,25.9,27.4,77.4,1011.9,8.2,231,41.8,14.1,Rain,3.9,85.6,135.3,422.6,81.9,62.5,24.17,Été,Chaud,Humide,Mauvais,27.942857142857143,74.98571428571428
Mumbai,IN,19.076,72.8777,2025-06-15,2025-06-15T22:48:46.175858,26.4,28.8,76.9,1009.0,2.6,199,100.0,11.6,Clouds,4.1,54.9,96.3,87.3,52.5,192.0,26.01,Été,Chaud,Humide,Très mauvais,27.685714285714287,74.98571428571428
Mumbai,IN,19.076,72.8777,2025-06-16,2025-06-16T22:48:46.175858,25.0,27.4,93.1,1031.8,3.4,239,55.2,13.0,Clear,2.8,71.4,92.9,66.6,1.6,68.8,24.58,Été,Tempéré,Très humide,Modéré,27.72857142857143,78.12857142857142
Mumbai,IN,19.076,72.8777,2025-06-17,2025-06-17T22:48:46.175858,23.6,23.6,88.8,1020.6,1.4,27,53.4,9.9,Thunderstorm,3.3,16.8,31.3,727.2,32.1,93.3,23.56,Été,Tempéré,Très humide,Mauvais,27.114285714285717,81.70000000000002
Mumbai,IN,19.076,72.8777,2025-06-18,2025-06-18T22:48:46.175858,29.4,26.4,71.9,995.6,3.5,273,32.9,15.5,Clouds,3.7,22.1,30.6,378.7,49.9,113.0,28.82,Été,Chaud,Humide,Mauvais,27.5,81.1857142857143
Mumbai,IN,19.076,72.8777,2025-06-19,2025-06-19T22:48:46.175858,26.5,24.9,70.8,1051.1,4.1,298,100.0,9.8,Rain,3.4,64.3,88.6,96.9,23.7,116.2,25.6,Été,Chaud,Humide,Mauvais,26.785714285714285,80.52857142857144
Mumbai,IN,19.076,72.8777,2025-06-20,2025-06-20T22:48:46.175858,29.0,27.3,93.9,1023.1,2.6,136,2.2,15.2,Clear,3.9,38.0,49.4,360.4,11.2,191.2,29.13,Été,Chaud,Très humide,Mauvais,26.542857142857144,81.82857142857142
Mumbai,IN,19.076,72.8777,2025-06-21,2025-06-21T22:48:46.175858,24.2,22.5,79.4,1023.1,13.7,328,40.2,12.6,Rain,3.8,64.4,83.1,638.3,45.2,23.0,21.02,Été,Tempéré,Humide,Mauvais,26.3,82.11428571428573
Mumbai,IN,19.076,72.8777,2025-06-22,2025-06-22T22:48:46.175858,31.7,29.9,75.7,1006.9,3.4,51,69.8,5.8,Clear,3.4,67.2,110.5,398.7,53.0,80.8,31.3,Été,Chaud,Humide,Mauvais,27.057142857142853,81.94285714285715
Mumbai,IN,19.076,72.8777,2025-06-23,2025-06-23T22:48:46.175858,29.8,30.5,80.5,1025.3,0.5,55,31.8,20.0,Mist,3.7,36.6,59.4,242.9,27.8,51.7,30.15,Été,Chaud,Très humide,Mauvais,27.74285714285714,80.14285714285714
Mumbai,IN,19.076,72.8777,2025-06-24,2025-06-24T22:48:46.175858,31.2,32.3,88.8,1010.4,6.9,30,47.3,15.0,Clouds,3.6,52.8,73.9,306.9,36.8,101.7,30.26,Été,Chaud,Très humide,Mauvais,28.828571428571426,80.14285714285714
Mumbai,IN,19.076,72.8777,2025-06-25,2025-06-25T22:48:46.175858,27.6,26.4,79.2,1000.5,1.0,24,41.8,17.6,Rain,4.8,60.5,78.2,384.7,8.3,141.5,27.66,Été,Chaud,Humide,Très mauvais,28.571428571428573,81.1857142857143
Mumbai,IN,19.076,72.8777,2025-06-26,2025-06-26T22:48:46.175858,30.3,29.8,71.6,1012.2,8.9,300,0.0,15.8,Clear,4.1,27.3,39.6,464.9,47.5,96.4,28.39,Été,Chaud,Humide,Très mauvais,29.11428571428571,81.3
Mumbai,IN,19.076,72.8777,2025-06-27,2025-06-27T22:48:46.175858,29.6,32.4,80.9,1011.8,1.2,294,68.8,8.6,Clear,3.5,38.2,55.8,167.5,37.6,22.7,29.85,Été,Chaud,Très humide,Mauvais,29.2,79.44285714285715
Mumbai,IN,19.076,72.8777,2025-06-28,2025-06-28T22:48:46.175858,26.9,30.3,85.9,1005.2,14.7,177,36.9,14.1,Mist,3.6,9.4,12.2,580.7,30.6,27.6,23.64,Été,Chaud,Très humide,Mauvais,29.585714285714285,80.37142857142858
Mumbai,IN,19.076,72.8777,2025-06-29,2025-06-29T22:48:46.175858,27.5,27.9,73.6,1010.5,5.8,294,54.6,20.0,Clear,3.7,82.1,99.9,205.8,33.3,151.8,26.33,Été,Chaud,Humide,Mauvais,28.985714285714288,80.07142857142857
Mumbai,IN,19.076,72.8777,2025-06-30,2025-06-30T22:48:46.175858,27.9,28.5,73.7,1032.0,4.1,149,61.8,17.5,Mist,3.5,70.0,104.3,180.5,32.8,54.3,27.17,Été,Chaud,Humide,Mauvais,28.714285714285715,79.1
Mumbai,IN,19.076,72.8777,2025-07-01,2025-07-01T22:48:46.175858,22.2,28.1,71.2,1013.4,6.9,3,77.1,11.0,Mist,4.5,31.3,38.0,148.7,102.4,16.1,20.5,Été,Tempéré,Humide,Très mauvais,27.428571428571427,76.58571428571429
Mumbai,IN,19.076,72.8777,2025-07-02,2025-07-02T22:48:46.175858,30.2,31.6,67.2,1015.6,1.5,325,65.3,15.5,Clouds,4.4,30.5,58.1,284.4,136.2,86.4,30.02,Été,Chaud,Humide,Très mauvais,27.8,74.87142857142858
Mumbai,IN,19.076,72.8777,2025-07-03,2025-07-03T22:48:46.175858,22.6,20.7,85.9,1036.2,15.9,34,70.8,11.7,Clouds,3.5,24.8,37.7,55.0,30.4,127.4,18.76,Été,Tempéré,Très humide,Mauvais,26.7,76.91428571428571
Mumbai,IN,19.076,72.8777,2025-07-04,2025-07-04T22:48:46.175858,29.3,29.1,85.8,1003.5,4.4,40,37.7,10.8,Rain,4.0,25.1,39.6,651.4,23.0,78.2,28.84,Été,Chaud,Très humide,Mauvais,26.657142857142862,77.61428571428573
New York,US,40.7128,-74.006,2025-06-05,2025-06-05T22:48:46.175858,18.8,18.8,65.4,1025.4,4.1,189,65.8,15.2,Rain,1.8,57.3,92.8,332.3,36.2,143.5,17.78,Été,Tempéré,Humide,Bon,18.8,65.4
New York,US,40.7128,-74.006,2025-06-06,2025-06-06T22:48:46.175858,20.1,19.4,59.9,980.0,5.0,38,35.2,7.0,Clouds,3.2,60.5,88.9,205.2,23.0,22.6,18.9,Été,Tempéré,Modéré,Mauvais,19.450000000000003,62.650000000000006
New York,US,40.7128,-74.006,2025-06-07,2025-06-07T22:48:46.175858,24.8,23.9,88.1,1014.7,3.4,250,77.9,13.8,Mist,2.6,52.2,78.2,533.8,29.4,49.9,24.26,Été,Tempéré,Très humide,Modéré,21.233333333333334,71.13333333333334
New York,US,40.7128,-74.006,2025-06-08,2025-06-08T22:48:46.175858,17.9,16.0,68.7,1023.8,2.6,50,64.8,11.4,Clear,2.5,46.3,60.8,367.2,97.2,87.8,17.23,Été,Tempéré,Humide,Modéré,20.4,70.525
New York,US,40.7128,-74.006,2025-06-09,2025-06-09T22:48:46.175858,22.1,22.6,68.0,998.6,3.7,347,42.1,13.8,Rain,1.9,14.4,27.7,631.9,2.8,92.9,21.19,Été,Tempéré,Humide,Bon,20.740000000000002,70.02000000000001
New York,US,40.7128,-74.006,2025-06-10,2025-06-10T22:48:46.175858,24.1,22.7,77.3,1029.3,2.9,155,0.0,20.0,Clear,2.0,31.3,40.4,425.6,35.2,35.4,23.62,Été,Tempéré,Humide,Bon,21.3,71.23333333333333
New York,US,40.7128,-74.006,2025-06-11,2025-06-11T22:48:46.175858,17.4,17.9,75.2,1025.0,3.1,132,32.7,6.3,Clouds,1.6,24.4,38.9,179.8,6.5,63.2,16.51,Été,Tempéré,Humide,Bon,20.74285714285714,71.8
New York,US,40.7128,-74.006,2025-06-12,2025-06-12T22:48:46.175858,18.8,22.5,53.7,1030.0,9.5,287,29.2,13.5,Clouds,1.7,6.5,10.8,824.8,9.7,35.8,16.48,Été,Tempéré,Modéré,Bon,20.742857142857144,70.12857142857143
New York,US,40.7128,-74.006,2025-06-13,2025-06-13T22:48:46.175858,16.4,17.2,66.0,990.4,7.3,125,46.3,17.0,Clear,2.3,43.3,61.4,488.0,8.6,74.9,14.51,Été,Tempéré,Humide,Modéré,20.214285714285715,71.0
New York,US,40.7128,-74.006,2025-06-14,2025-06-14T22:48:46.175858,13.7,13.1,69.2,1014.4,3.6,305,100.0,18.4,Rain,1.5,41.2,68.4,89.7,75.5,21.3,12.68,Été,Frais,Humide,Bon,18.62857142857143,68.3
New York,US,40.7128,-74.006,2025-06-15,2025-06-15T22:48:46.175858,21.4,26.0,61.1,1003.2,8.1,26,50.5,20.0,Clouds,3.2,28.7,36.7,956.0,33.2,43.0,19.38,Été,Tempéré,Humide,Mauvais,19.128571428571426,67.21428571428571
New York,US,40.7128,-74.006,2025-06-16,2025-06-16T22:48:46.175858,19.6,16.7,74.4,995.4,7.9,159,45.4,11.1,Clear,2.1,61.5,89.6,568.3,20.3,123.8,17.57,Été,Tempéré,Humide,Modéré,18.771428571428572,68.12857142857142
New York,US,40.7128,-74.006,2025-06-17,2025-06-17T22:48:46.175858,10.8,9.5,50.0,1012.4,9.9,283,58.6,14.0,Rain,1.8,9.0,17.0,398.5,4.1,58.0,8.6,Été,Frais,Modéré,Bon,16.871428571428574,64.22857142857143
New York,US,40.7128,-74.006,2025-06-18,2025-06-18T22:48:46.175858,18.1,18.8,55.2,1013.8,6.0,307,37.7,15.6,Snow,1.9,62.8,121.3,968.8,13.4,19.0,16.58,Été,Tempéré,Modéré,Bon,16.97142857142857,61.371428571428574
New York,US,40.7128,-74.006,2025-06-19,2025-06-19T22:48:46.175858,19.7,21.2,59.8,990.9,15.1,92,58.0,9.0,Clear,2.4,8.8,14.2,223.8,10.5,23.7,15.96,Été,Tempéré,Modéré,Modéré,17.1,62.24285714285715
New York,US,40.7128,-74.006,2025-06-20,2025-06-20T22:48:46.175858,12.6,11.3,69.2,1014.5,3.0,85,67.9,20.0,Clear,2.3,21.8,26.8,159.8,26.4,128.5,11.62,Été,Frais,Humide,Modéré,16.557142857142857,62.7
New York,US,40.7128,-74.006,2025-06-21,2025-06-21T22:48:46.175858,19.3,20.7,55.9,1044.2,1.4,261,37.0,19.5,Clear,1.9,31.5,57.0,330.5,60.1,177.7,18.93,Été,Tempéré,Modéré,Bon,17.357142857142858,60.800000000000004
New York,US,40.7128,-74.006,2025-06-22,2025-06-22T22:48:46.175858,18.4,20.3,61.6,1030.7,3.0,295,64.2,19.6,Clear,2.5,62.3,110.1,137.2,13.5,82.7,17.6,Été,Tempéré,Humide,Modéré,16.928571428571427,60.871428571428574
New York,US,40.7128,-74.006,2025-06-23,2025-06-23T22:48:46.175858,18.2,17.2,57.0,1016.2,3.2,105,5.9,17.5,Clear,2.1,38.1,68.9,236.1,75.8,73.6,17.37,Été,Tempéré,Modéré,Modéré,16.72857142857143,58.38571428571429
New York,US,40.7128,-74.006,2025-06-24,2025-06-24T22:48:46.175858,16.7,15.0,71.2,1010.6,1.9,25,57.3,20.0,Clouds,2.0,31.1,43.2,97.4,55.3,81.3,16.15,Été,Tempéré,Humide,Bon,17.571428571428573,61.41428571428572
New York,US,40.7128,-74.006,2025-06-25,2025-06-25T22:48:46.175858,22.5,24.6,74.6,994.3,3.8,40,35.4,6.8,Clouds,2.5,23.8,29.7,680.8,67.8,87.1,21.61,Été,Tempéré,Humide,Modéré,18.2,64.18571428571428
New York,US,40.7128,-74.006,2025-06-26,2025-06-26T22:48:46.175858,14.1,14.8,75.1,1018.9,7.8,117,100.0,10.6,Clouds,2.0,20.2,24.4,287.3,62.0,92.4,11.9,Été,Frais,Humide,Bon,17.4,66.37142857142858
New York,US,40.7128,-74.006,2025-06-27,2025-06-27T22:48:46.175858,15.0,14.1,59.4,1023.6,0.4,212,46.4,15.1,Snow,1.9,42.5,80.2,682.4,20.4,92.2,14.88,Été,Frais,Modéré,Bon,17.742857142857144,64.97142857142856
New York,US,40.7128,-74.006,2025-06-28,2025-06-28T22:48:46.175858,12.7,12.5,81.2,1003.5,8.8,243,27.2,15.7,Mist,2.0,8.9,15.7,262.9,3.1,126.5,10.07,Été,Frais,Très humide,Bon,16.8,68.58571428571429
New York,US,40.7128,-74.006,2025-06-29,2025-06-29T22:48:46.175858,15.7,14.2,62.5,1024.1,2.2,270,81.3,13.8,Rain,2.4,25.2,41.0,483.8,6.9,36.5,15.1,Été,Tempéré,Humide,Modéré,16.414285714285715,68.71428571428571
New York,US,40.7128,-74.006,2025-06-30,2025-06-30T22:48:46.175858,17.9,16.2,64.0,991.7,6.0,186,55.3,20.0,Rain,2.5,67.6,91.7,73.9,41.1,49.7,16.36,Été,Tempéré,Humide,Modéré,16.37142857142857,69.71428571428571
New York,US,40.7128,-74.006,2025-07-01,2025-07-01T22:48:46.175858,11.8,11.5,58.2,1030.7,1.3,161,77.3,15.8,Clouds,2.1,55.7,108.6,165.0,35.7,72.5,11.53,Été,Frais,Modéré,Modéré,15.671428571428573,67.85714285714286
New York,US,40.7128,-74.006,2025-07-02,2025-07-02T22:48:46.175858,15.9,17.6,69.8,1000.2,3.8,288,78.8,14.7,Clouds,2.3,19.2,34.7,422.8,13.2,35.3,14.87,Été,Tempéré,Humide,Modéré,14.728571428571428,67.17142857142856
New York,US,40.7128,-74.006,2025-07-03,2025-07-03T22:48:46.175858,19.2,20.7,80.5,998.5,3.2,112,0.0,10.8,Rain,1.9,28.8,39.7,1813.0,65.6,47.0,18.32,Été,Tempéré,Très humide,Bon,15.457142857142856,67.94285714285715
New York,US,40.7128,-74.006,2025-07-04,2025-07-04T22:48:46.175858,14.6,13.2,66.7,1028.7,4.1,287,89.7,13.7,Clear,2.4,46.9,80.1,674.2,87.2,182.4,13.52,Été,Frais,Humide,Modéré,15.4,68.9857142857143
Paris,FR,48.8566,2.3522,2025-06-05,2025-06-05T22:48:46.175858,20.5,20.5,95.0,1017.4,3.4,249,85.8,7.8,Clear,2.6,79.2,122.9,496.1,57.3,28.4,19.72,Été,Tempéré,Très humide,Modéré,20.5,95.0
Paris,FR,48.8566,2.3522,2025-06-06,2025-06-06T22:48:46.175858,17.5,16.2,74.3,1010.5,3.3,310,43.5,16.7,Mist,1.5,12.6,20.0,717.4,31.9,120.4,16.6,Été,Tempéré,Humide,Bon,19.0,84.65
Paris,FR,48.8566,2.3522,2025-06-07,2025-06-07T22:48:46.175858,19.0,20.9,74.0,994.7,8.9,86,86.4,15.6,Clouds,2.5,16.9,28.1,939.2,9.8,141.8,16.77,Été,Tempéré,Humide,Modéré,19.0,81.10000000000001
Paris,FR,48.8566,2.3522,2025-06-08,2025-06-08T22:48:46.175858,10.0,8.8,68.3,992.2,5.9,292,65.0,20.0,Clouds,2.3,15.1,26.4,614.9,28.9,88.6,8.28,Été,Frais,Humide,Modéré,16.75,77.9
Paris,FR,48.8566,2.3522,2025-06-09,2025-06-09T22:48:46.175858,19.7,20.8,59.2,994.8,14.8,109,98.5,20.0,Clouds,3.0,22.7,37.2,53.5,41.2,141.7,16.0,Été,Tempéré,Modéré,Modéré,17.34,74.16
Paris,FR,48.8566,2.3522,2025-06-10,2025-06-10T22:48:46.175858,15.9,16.0,93.9,1009.2,3.7,325,87.7,13.4,Clouds,2.3,31.2,51.9,181.4,129.3,165.0,14.63,Été,Tempéré,Très humide,Modéré,17.099999999999998,77.45
Paris,FR,48.8566,2.3522,2025-06-11,2025-06-11T22:48:46.175858,19.6,18.6,69.8,1009.1,12.5,344,26.0,20.0,Thunderstorm,2.6,94.4,169.7,174.8,54.6,52.0,16.52,Été,Tempéré,Humide,Modéré,17.45714285714286,76.35714285714286
Paris,FR,48.8566,2.3522,2025-06-12,2025-06-12T22:48:46.175858,16.3,16.5,55.3,1009.4,7.8,203,54.6,11.5,Snow,2.6,26.2,52.3,213.5,45.6,151.9,14.4,Été,Tempéré,Modéré,Modéré,16.857142857142858,70.68571428571428
Paris,FR,48.8566,2.3522,2025-06-13,2025-06-13T22:48:46.175858,12.1,11.4,64.5,1001.3,5.6,162,95.1,15.9,Clouds,2.7,65.1,82.3,240.7,43.3,88.7,10.65,Été,Frais,Humide,Modéré,16.085714285714285,69.28571428571429
Paris,FR,48.8566,2.3522,2025-06-14,2025-06-14T22:48:46.175858,17.1,17.2,54.9,1006.0,14.1,194,25.7,15.2,Rain,1.6,30.4,45.2,202.9,43.7,43.7,13.6,Été,Tempéré,Modéré,Bon,15.814285714285715,66.55714285714285
Paris,FR,48.8566,2.3522,2025-06-15,2025-06-15T22:48:46.175858,15.3,17.8,71.5,995.7,4.3,58,58.6,16.0,Rain,2.2,50.1,76.5,380.4,23.9,48.6,14.13,Été,Tempéré,Humide,Modéré,16.571428571428573,67.01428571428572
Paris,FR,48.8566,2.3522,2025-06-16,2025-06-16T22:48:46.175858,16.8,17.7,71.2,1013.0,2.5,113,97.3,17.9,Clouds,1.8,38.3,71.5,410.1,27.5,59.1,16.05,Été,Tempéré,Humide,Bon,16.157142857142855,68.72857142857143
Paris,FR,48.8566,2.3522,2025-06-17,2025-06-17T22:48:46.175858,19.0,21.0,62.9,994.4,10.2,179,0.0,9.5,Clouds,2.4,30.8,52.3,183.3,43.8,162.9,16.42,Été,Tempéré,Humide,Modéré,16.6,64.3
Paris,FR,48.8566,2.3522,2025-06-18,2025-06-18T22:48:46.175858,9.9,11.2,52.5,1004.7,3.5,280,29.7,20.0,Clouds,2.6,21.0,41.6,500.7,40.9,97.7,9.21,Été,Frais,Modéré,Modéré,15.214285714285714,61.82857142857143
Paris,FR,48.8566,2.3522,2025-06-19,2025-06-19T22:48:46.175858,12.8,14.4,58.4,997.5,3.7,31,48.3,20.0,Rain,2.2,59.0,111.6,60.5,14.2,22.5,11.9,Été,Frais,Modéré,Modéré,14.714285714285714,62.271428571428565
Paris,FR,48.8566,2.3522,2025-06-20,2025-06-20T22:48:46.175858,14.8,17.4,59.8,1014.7,10.1,296,42.7,8.7,Rain,1.8,13.0,23.2,514.3,36.0,69.2,12.3,Été,Frais,Modéré,Bon,15.1,61.6
Paris,FR,48.8566,2.3522,2025-06-21,2025-06-21T22:48:46.175858,8.3,12.0,61.8,1004.1,3.4,144,43.7,14.4,Rain,3.0,33.4,65.8,120.4,16.9,60.9,7.35,Été,Frais,Humide,Modéré,13.842857142857143,62.58571428571429
Paris,FR,48.8566,2.3522,2025-06-22,2025-06-22T22:48:46.175858,15.6,14.5,74.5,1021.0,7.5,146,37.5,19.6,Clear,2.4,36.2,51.9,186.8,60.5,39.7,13.6,Été,Tempéré,Humide,Modéré,13.885714285714286,63.01428571428572
Paris,FR,48.8566,2.3522,2025-06-23,2025-06-23T22:48:46.175858,17.3,14.6,82.0,997.7,10.0,321,49.4,12.5,Rain,2.1,22.6,36.3,105.8,30.3,31.6,14.66,Été,Tempéré,Très humide,Modéré,13.957142857142859,64.55714285714285
Paris,FR,48.8566,2.3522,2025-06-24,2025-06-24T22:48:46.175858,12.1,11.8,60.8,1011.6,10.6,5,7.3,18.1,Snow,1.6,55.6,96.8,129.8,15.0,69.3,9.46,Été,Frais,Humide,Bon,12.971428571428573,64.25714285714285
Paris,FR,48.8566,2.3522,2025-06-25,2025-06-25T22:48:46.175858,16.7,15.2,73.1,1027.3,5.0,30,100.0,16.8,Clouds,2.0,44.3,83.7,40.2,37.5,38.5,15.33,Été,Tempéré,Humide,Bon,13.942857142857141,67.2
Paris,FR,48.8566,2.3522,2025-06-26,2025-06-26T22:48:46.175858,9.2,10.8,60.5,1019.8,6.7,167,44.2,20.0,Clear,1.7,30.7,50.0,303.9,19.7,80.8,7.55,Été,Frais,Humide,Bon,13.428571428571429,67.5
Paris,FR,48.8566,2.3522,2025-06-27,2025-06-27T22:48:46.175858,14.9,14.8,89.3,1019.8,2.0,133,25.5,12.2,Clouds,2.4,19.4,27.0,225.9,103.0,98.2,14.08,Été,Frais,Très humide,Modéré,13.442857142857141,71.71428571428571
Paris,FR,48.8566,2.3522,2025-06-28,2025-06-28T22:48:46.175858,14.6,19.7,81.2,1046.3,5.7,357,19.0,15.5,Rain,2.0,29.3,37.8,463.3,14.7,126.2,12.92,Été,Frais,Très humide,Bon,14.342857142857142,74.48571428571428
Paris,FR,48.8566,2.3522,2025-06-29,2025-06-29T22:48:46.175858,11.4,10.4,86.8,994.9,3.0,175,28.9,19.5,Clouds,2.1,8.1,10.7,633.5,5.8,37.0,10.13,Été,Frais,Très humide,Modéré,13.742857142857144,76.24285714285715
Paris,FR,48.8566,2.3522,2025-06-30,2025-06-30T22:48:46.175858,7.8,10.1,77.8,1002.6,7.3,322,75.6,14.7,Clear,2.5,24.7,46.2,349.5,14.7,11.1,5.4,Été,Frais,Humide,Modéré,12.385714285714286,75.64285714285714
Paris,FR,48.8566,2.3522,2025-07-01,2025-07-01T22:48:46.175858,17.7,18.7,60.8,1023.6,5.5,59,56.2,20.0,Mist,1.7,63.1,120.5,125.8,33.5,108.2,16.36,Été,Tempéré,Humide,Bon,13.185714285714285,75.64285714285714
Paris,FR,48.8566,2.3522,2025-07-02,2025-07-02T22:48:46.175858,11.4,8.3,70.0,1001.2,5.8,16,52.4,14.5,Clouds,2.8,43.0,81.4,809.6,38.5,39.5,9.73,Été,Frais,Humide,Modéré,12.428571428571427,75.2
Paris,FR,48.8566,2.3522,2025-07-03,2025-07-03T22:48:46.175858,13.3,16.0,70.4,1050.3,4.6,144,100.0,17.1,Clouds,2.0,10.7,19.6,523.3,41.1,117.4,11.97,Été,Frais,Humide,Bon,13.014285714285716,76.61428571428571
Paris,FR,48.8566,2.3522,2025-07-04,2025-07-04T22:48:46.175858,5.5,2.1,80.9,994.2,7.6,156,42.8,18.0,Clear,1.9,53.8,91.3,194.5,35.3,195.4,2.9,Été,Frais,Très humide,Bon,11.671428571428573,75.41428571428573
Rio de Janeiro,BR,-22.9068,-43.1729,2025-06-05,2025-06-05T22:48:46.175858,22.5,22.8,76.3,1030.9,5.4,310,38.3,13.4,Rain,2.4,21.4,38.2,91.8,69.5,116.8,21.25,Hiver,Tempéré,Humide,Modéré,22.5,76.3
Rio de Janeiro,BR,-22.9068,-43.1729,2025-06-06,2025-06-06T22:48:46.175858,19.7,20.3,83.0,1028.8,15.3,69,51.9,1.9,Clear,2.2,65.4,88.2,546.8,38.7,120.5,15.86,Hiver,Tempéré,Très humide,Modéré,21.1,79.65
Rio de Janeiro,BR,-22.9068,-43.1729,2025-06-07,2025-06-07T22:48:46.175858,22.7,23.1,89.9,992.7,5.4,146,61.8,10.1,Clear,2.1,17.5,33.7,747.4,19.8,47.9,21.52,Hiver,Tempéré,Très humide,Modéré,21.633333333333336,83.06666666666666
Rio de Janeiro,BR,-22.9068,-43.1729,2025-06-08,2025-06-08T22:48:46.175858,25.5,25.1,74.3,1033.5,5.5,326,14.4,20.0,Clouds,2.6,12.0,23.7,121.4,49.2,98.8,24.33,Hiver,Chaud,Humide,Modéré,22.6,80.875
Rio de Janeiro,BR,-22.9068,-43.1729,2025-06-09,2025-06-09T22:48:46.175858,18.0,18.7,71.8,983.8,5.2,130,51.1,17.5,Clear,3.0,15.9,20.9,484.5,67.6,108.6,16.64,Hiver,Tempéré,Humide,Modéré,21.68,79.06
Rio de Janeiro,BR,-22.9068,-43.1729,2025-06-10,2025-06-10T22:48:46.175858,20.5,21.9,83.9,1020.9,3.3,0,12.1,17.0,Thunderstorm,3.5,37.4,50.8,991.7,40.0,166.5,19.69,Hiver,Tempéré,Très humide,Mauvais,21.483333333333334,79.86666666666666
Rio de Janeiro,BR,-22.9068,-43.1729,2025-06-11,2025-06-11T22:48:46.175858,20.9,17.7,89.8,1030.8,2.0,323,24.6,9.7,Clouds,2.8,48.4,79.8,459.7,62.0,21.5,20.52,Hiver,Tempéré,Très humide,Modéré,21.400000000000002,81.28571428571429
Rio de Janeiro,BR,-22.9068,-43.1729,2025-06-12,2025-06-12T22:48:46.175858,19.8,24.7,76.7,1017.1,3.5,130,18.0,11.5,Clear,2.4,57.3,97.1,651.1,15.7,97.8,18.88,Hiver,Tempéré,Humide,Modéré,21.014285714285712,81.34285714285714
Rio de Janeiro,BR,-22.9068,-43.1729,2025-06-13,2025-06-13T22:48:46.175858,20.7,18.6,89.5,999.4,2.5,289,69.4,9.3,Clear,2.6,70.2,114.6,158.1,16.5,112.9,20.08,Hiver,Tempéré,Très humide,Modéré,21.157142857142855,82.27142857142857
Rio de Janeiro,BR,-22.9068,-43.1729,2025-06-14,2025-06-14T22:48:46.175858,25.5,28.3,61.6,1006.1,9.9,99,53.9,11.3,Clouds,2.8,30.2,50.5,87.5,71.8,234.5,23.02,Hiver,Chaud,Humide,Modéré,21.557142857142857,78.22857142857143
Rio de Janeiro,BR,-22.9068,-43.1729,2025-06-15,2025-06-15T22:48:46.175858,21.5,22.0,74.6,1018.4,3.6,70,61.7,8.4,Rain,2.3,149.7,205.2,388.4,30.9,77.7,20.64,Hiver,Tempéré,Humide,Modéré,20.985714285714288,78.27142857142857
Rio de Janeiro,BR,-22.9068,-43.1729,2025-06-16,2025-06-16T22:48:46.175858,20.4,24.5,83.0,1012.3,2.3,209,4.1,13.1,Clear,2.6,114.7,210.5,349.9,31.3,47.1,19.9,Hiver,Tempéré,Très humide,Modéré,21.32857142857143,79.87142857142858
Rio de Janeiro,BR,-22.9068,-43.1729,2025-06-17,2025-06-17T22:48:46.175858,23.7,23.9,85.4,1001.8,4.2,320,59.3,17.5,Snow,3.0,31.7,40.3,511.9,33.6,121.2,22.85,Hiver,Tempéré,Très humide,Modéré,21.785714285714285,80.08571428571429
Rio de Janeiro,BR,-22.9068,-43.1729,2025-06-18,2025-06-18T22:48:46.175858,16.4,15.4,90.3,995.4,0.6,228,39.5,20.0,Clear,1.9,30.1,58.9,172.5,20.7,90.7,16.01,Hiver,Tempéré,Très humide,Bon,21.142857142857142,80.15714285714286
Rio de Janeiro,BR,-22.9068,-43.1729,2025-06-19,2025-06-19T22:48:46.175858,17.8,16.0,79.5,999.5,2.3,166,89.3,17.1,Clear,2.3,38.9,55.8,60.1,49.2,79.0,17.13,Hiver,Tempéré,Humide,Modéré,20.857142857142858,80.55714285714285
Rio de Janeiro,BR,-22.9068,-43.1729,2025-06-20,2025-06-20T22:48:46.175858,21.9,19.8,85.3,999.5,11.3,10,1.8,14.1,Rain,2.7,25.1,31.2,434.2,37.0,97.2,19.17,Hiver,Tempéré,Très humide,Modéré,21.02857142857143,79.95714285714287
Rio de Janeiro,BR,-22.9068,-43.1729,2025-06-21,2025-06-21T22:48:46.175858,23.5,21.9,74.2,1031.2,16.3,82,11.9,20.0,Clear,2.9,70.6,91.8,510.4,58.1,87.0,19.61,Hiver,Tempéré,Humide,Modéré,20.74285714285714,81.75714285714285
Rio de Janeiro,BR,-22.9068,-43.1729,2025-06-22,2025-06-22T22:48:46.175858,22.7,25.0,71.4,975.9,6.6,310,86.0,10.4,Clouds,3.0,41.7,57.4,223.0,9.1,20.3,21.17,Hiver,Tempéré,Humide,Modéré,20.914285714285715,81.3
Rio de Janeiro,BR,-22.9068,-43.1729,2025-06-23,2025-06-23T22:48:46.175858,20.9,21.4,73.7,997.1,0.8,32,65.2,11.1,Clear,2.9,7.3,13.2,521.6,87.3,88.0,20.69,Hiver,Tempéré,Humide,Modéré,20.985714285714284,79.97142857142856
Rio de Janeiro,BR,-22.9068,-43.1729,2025-06-24,2025-06-24T22:48:46.175858,22.7,22.3,95.0,1004.5,6.4,320,0.0,15.5,Clouds,3.0,18.8,37.7,282.9,5.1,56.8,21.32,Hiver,Tempéré,Très humide,Modéré,20.842857142857145,81.34285714285714
Rio de Janeiro,BR,-22.9068,-43.1729,2025-06-25,2025-06-25T22:48:46.175858,26.7,26.7,87.4,996.5,5.0,316,36.6,20.0,Rain,3.8,14.9,23.9,317.4,33.8,77.5,25.93,Hiver,Chaud,Très humide,Mauvais,22.314285714285713,80.92857142857143
Rio de Janeiro,BR,-22.9068,-43.1729,2025-06-26,2025-06-26T22:48:46.175858,26.2,29.7,71.5,994.0,1.6,265,0.0,17.2,Rain,2.4,69.1,126.8,171.1,74.9,14.4,25.97,Hiver,Chaud,Humide,Modéré,23.51428571428571,79.78571428571429
Rio de Janeiro,BR,-22.9068,-43.1729,2025-06-27,2025-06-27T22:48:46.175858,18.0,15.3,62.7,1026.6,10.9,269,76.4,17.7,Clouds,2.4,40.8,80.2,290.6,73.1,47.1,15.3,Hiver,Tempéré,Humide,Modéré,22.957142857142856,76.55714285714286
Rio de Janeiro,BR,-22.9068,-43.1729,2025-06-28,2025-06-28T22:48:46.175858,20.7,23.1,83.5,1025.7,6.5,128,61.9,13.0,Rain,2.5,38.4,75.4,287.5,30.1,52.9,19.1,Hiver,Tempéré,Très humide,Modéré,22.557142857142857,77.88571428571429
Rio de Janeiro,BR,-22.9068,-43.1729,2025-06-29,2025-06-29T22:48:46.175858,18.4,13.1,77.0,999.6,14.8,67,22.1,10.2,Clear,2.5,15.5,25.4,464.3,31.7,47.8,14.68,Hiver,Tempéré,Humide,Modéré,21.942857142857143,78.6857142857143
Rio de Janeiro,BR,-22.9068,-43.1729,2025-06-30,2025-06-30T22:48:46.175858,26.9,27.0,72.7,994.6,3.2,114,0.0,15.0,Thunderstorm,2.0,62.5,88.3,256.0,29.0,37.5,26.33,Hiver,Chaud,Humide,Bon,22.8,78.54285714285713
Rio de Janeiro,BR,-22.9068,-43.1729,2025-07-01,2025-07-01T22:48:46.175858,23.2,26.3,62.6,1012.6,3.3,178,53.2,17.0,Clear,2.2,57.5,74.3,874.8,115.2,44.7,22.43,Hiver,Tempéré,Humide,Modéré,22.87142857142857,73.91428571428571
Rio de Janeiro,BR,-22.9068,-43.1729,2025-07-02,2025-07-02T22:48:46.175858,23.9,22.1,76.8,996.2,6.9,31,80.6,16.2,Rain,2.2,58.3,83.4,173.5,51.4,136.8,22.33,Hiver,Tempéré,Humide,Modéré,22.47142857142857,72.4
Rio de Janeiro,BR,-22.9068,-43.1729,2025-07-03,2025-07-03T22:48:46.175858,23.2,25.1,86.3,1015.6,5.8,293,100.0,13.6,Clouds,2.9,24.1,28.9,443.5,18.9,89.0,21.93,Hiver,Tempéré,Très humide,Modéré,22.042857142857144,74.51428571428572
Rio de Janeiro,BR,-22.9068,-43.1729,2025-07-04,2025-07-04T22:48:46.175858,24.8,25.1,73.9,1032.2,8.4,15,100.0,9.9,Mist,2.5,79.5,143.6,541.0,11.7,85.0,22.89,Hiver,Tempéré,Humide,Modéré,23.014285714285716,76.11428571428573
Sydney,AU,-33.8688,151.2093,2025-06-05,2025-06-05T22:48:46.175858,12.6,11.0,73.2,1036.2,3.3,258,79.7,11.8,Clouds,1.0,5.0,9.4,749.5,40.5,52.9,11.52,Hiver,Frais,Humide,Excellent,12.6,73.2
Sydney,AU,-33.8688,151.2093,2025-06-06,2025-06-06T22:48:46.175858,10.8,9.7,49.0,1033.3,4.1,306,42.5,20.0,Mist,1.3,5.0,8.8,376.9,27.1,113.3,10.07,Hiver,Frais,Modéré,Bon,11.7,61.1
Sydney,AU,-33.8688,151.2093,2025-06-07,2025-06-07T22:48:46.175858,12.6,13.8,53.0,1011.2,2.3,55,9.5,15.0,Mist,1.3,33.5,45.2,423.6,52.2,43.7,12.14,Hiver,Frais,Modéré,Bon,12.0,58.4
Sydney,AU,-33.8688,151.2093,2025-06-08,2025-06-08T22:48:46.175858,15.1,14.4,79.4,1029.1,6.5,295,51.4,12.6,Clear,1.1,5.0,9.1,369.5,51.7,203.9,13.2,Hiver,Tempéré,Humide,Bon,12.775,63.650000000000006
Sydney,AU,-33.8688,151.2093,2025-06-09,2025-06-09T22:48:46.175858,16.5,15.2,68.0,1025.9,4.0,62,44.2,14.0,Mist,2.2,10.8,14.5,43.8,4.7,238.7,15.46,Hiver,Tempéré,Humide,Modéré,13.52,64.52000000000001
Sydney,AU,-33.8688,151.2093,2025-06-10,2025-06-10T22:48:46.175858,10.0,5.6,48.0,1039.0,2.9,253,60.0,5.6,Mist,1.9,24.4,40.1,834.3,79.8,80.3,9.6,Hiver,Frais,Modéré,Bon,12.933333333333332,61.76666666666667
Sydney,AU,-33.8688,151.2093,2025-06-11,2025-06-11T22:48:46.175858,12.6,13.7,79.4,1015.1,15.4,111,100.0,16.6,Thunderstorm,2.2,14.9,18.6,345.9,10.9,274.6,8.34,Hiver,Frais,Humide,Modéré,12.885714285714286,64.28571428571429
Sydney,AU,-33.8688,151.2093,2025-06-12,2025-06-12T22:48:46.175858,17.2,17.8,73.3,985.6,3.4,189,42.9,8.9,Clear,1.0,24.0,33.7,787.0,37.7,121.3,16.27,Hiver,Tempéré,Humide,Excellent,13.542857142857144,64.3
Sydney,AU,-33.8688,151.2093,2025-06-13,2025-06-13T22:48:46.175858,7.2,10.5,56.9,1029.0,4.4,352,100.0,16.0,Clear,1.7,40.0,77.6,514.0,84.2,54.1,6.23,Hiver,Frais,Modéré,Bon,13.028571428571427,65.42857142857143
Sydney,AU,-33.8688,151.2093,2025-06-14,2025-06-14T22:48:46.175858,15.8,19.5,60.0,1029.4,6.9,127,32.2,20.0,Rain,1.9,25.6,41.6,151.8,58.0,87.7,14.07,Hiver,Tempéré,Modéré,Bon,13.485714285714286,66.42857142857143
Sydney,AU,-33.8688,151.2093,2025-06-15,2025-06-15T22:48:46.175858,13.9,12.8,68.9,974.3,6.3,56,10.2,9.3,Clouds,1.7,5.0,8.9,881.9,88.3,90.5,12.18,Hiver,Frais,Humide,Bon,13.314285714285715,64.92857142857143
Sydney,AU,-33.8688,151.2093,2025-06-16,2025-06-16T22:48:46.175858,15.8,15.2,66.2,1016.0,4.8,354,0.0,7.8,Mist,1.0,10.5,15.7,113.8,8.7,285.3,14.54,Hiver,Tempéré,Humide,Excellent,13.214285714285712,64.67142857142856
Sydney,AU,-33.8688,151.2093,2025-06-17,2025-06-17T22:48:46.175858,11.4,7.8,64.6,1006.7,3.0,275,61.0,12.2,Clear,1.0,40.5,69.6,1641.6,24.9,17.9,10.57,Hiver,Frais,Humide,Excellent,13.414285714285715,67.04285714285714
Sydney,AU,-33.8688,151.2093,2025-06-18,2025-06-18T22:48:46.175858,11.8,8.0,48.2,983.2,1.0,325,32.9,12.9,Clear,1.4,8.2,13.1,688.3,3.8,81.2,11.76,Hiver,Frais,Modéré,Bon,13.299999999999999,62.58571428571429
Sydney,AU,-33.8688,151.2093,2025-06-19,2025-06-19T22:48:46.175858,17.2,18.7,80.1,1006.8,0.6,294,57.4,13.7,Thunderstorm,1.5,5.0,8.3,785.7,12.7,135.2,16.91,Hiver,Tempéré,Très humide,Bon,13.3,63.55714285714286
Sydney,AU,-33.8688,151.2093,2025-06-20,2025-06-20T22:48:46.175858,15.0,14.7,49.8,976.5,3.3,230,65.6,14.7,Clouds,1.6,18.1,34.9,449.8,66.4,85.8,14.27,Hiver,Frais,Modéré,Bon,14.414285714285715,62.542857142857144
Sydney,AU,-33.8688,151.2093,2025-06-21,2025-06-21T22:48:46.175858,14.0,13.2,51.6,1022.0,13.6,18,26.1,17.3,Rain,1.9,11.9,21.9,768.2,59.2,122.8,10.77,Hiver,Frais,Modéré,Bon,14.157142857142857,61.34285714285715
Sydney,AU,-33.8688,151.2093,2025-06-22,2025-06-22T22:48:46.175858,17.9,16.0,80.3,1022.1,3.9,25,57.9,14.7,Clear,1.0,16.4,27.2,66.3,46.6,134.9,16.81,Hiver,Tempéré,Très humide,Excellent,14.728571428571428,62.97142857142857
Sydney,AU,-33.8688,151.2093,2025-06-23,2025-06-23T22:48:46.175858,17.3,17.0,64.3,1019.6,7.7,111,69.2,20.0,Clear,1.9,18.3,25.9,225.3,90.3,25.1,15.35,Hiver,Tempéré,Humide,Bon,14.942857142857145,62.699999999999996
Sydney,AU,-33.8688,151.2093,2025-06-24,2025-06-24T22:48:46.175858,13.7,16.7,69.3,1018.5,5.9,231,28.3,10.2,Clear,1.2,22.1,28.5,96.3,47.8,227.6,12.1,Hiver,Frais,Humide,Bon,15.271428571428572,63.37142857142857
Sydney,AU,-33.8688,151.2093,2025-06-25,2025-06-25T22:48:46.175858,19.2,20.3,49.7,987.6,2.3,234,40.6,14.9,Rain,2.1,17.4,22.8,609.0,70.2,53.4,18.69,Hiver,Tempéré,Modéré,Modéré,16.32857142857143,63.58571428571428
Sydney,AU,-33.8688,151.2093,2025-06-26,2025-06-26T22:48:46.175858,20.4,20.2,66.8,1033.3,4.4,72,35.2,19.6,Mist,1.7,17.2,29.6,429.7,93.8,113.3,19.32,Hiver,Tempéré,Humide,Bon,16.785714285714285,61.68571428571429
Sydney,AU,-33.8688,151.2093,2025-06-27,2025-06-27T22:48:46.175858,14.5,16.8,71.2,1032.8,6.2,304,0.0,18.0,Clear,1.9,22.5,41.9,853.9,32.6,72.0,12.84,Hiver,Frais,Humide,Bon,16.714285714285715,64.74285714285715
Sydney,AU,-33.8688,151.2093,2025-06-28,2025-06-28T22:48:46.175858,15.3,15.7,63.4,1003.8,6.9,267,82.6,14.9,Clouds,1.4,6.7,9.2,266.2,27.2,147.5,13.49,Hiver,Tempéré,Humide,Bon,16.9,66.42857142857143
Sydney,AU,-33.8688,151.2093,2025-06-29,2025-06-29T22:48:46.175858,16.7,15.7,57.5,1001.5,7.1,167,26.2,15.3,Rain,2.2,54.5,90.3,905.5,30.7,19.3,14.96,Hiver,Tempéré,Modéré,Modéré,16.72857142857143,63.17142857142858
Sydney,AU,-33.8688,151.2093,2025-06-30,2025-06-30T22:48:46.175858,17.4,16.1,83.2,986.5,5.1,8,85.0,20.0,Clear,1.3,5.0,7.7,101.6,55.8,263.8,15.97,Hiver,Tempéré,Très humide,Bon,16.74285714285714,65.87142857142858
Sydney,AU,-33.8688,151.2093,2025-07-01,2025-07-01T22:48:46.175858,17.4,17.5,61.5,993.5,4.7,338,100.0,20.0,Rain,1.1,16.6,30.1,601.9,60.8,54.6,16.2,Hiver,Tempéré,Humide,Bon,17.271428571428572,64.75714285714285
Sydney,AU,-33.8688,151.2093,2025-07-02,2025-07-02T22:48:46.175858,20.1,23.1,48.7,1023.2,12.7,293,44.7,14.8,Rain,1.2,29.5,50.1,976.1,96.7,71.1,16.9,Hiver,Tempéré,Modéré,Bon,17.4,64.61428571428571
Sydney,AU,-33.8688,151.2093,2025-07-03,2025-07-03T22:48:46.175858,18.6,17.3,50.6,999.7,4.8,356,42.5,10.2,Clouds,1.0,41.1,77.6,583.9,26.1,38.1,17.39,Hiver,Tempéré,Modéré,Excellent,17.142857142857142,62.300000000000004
Sydney,AU,-33.8688,151.2093,2025-07-04,2025-07-04T22:48:46.175858,17.9,19.4,49.0,1022.3,2.0,88,55.2,10.5,Clear,1.7,19.6,26.2,595.3,53.6,67.2,17.48,Hiver,Tempéré,Modéré,Bon,17.628571428571426,59.12857142857143
Tokyo,JP,35.6762,139.6503,2025-06-05,2025-06-05T22:48:46.175858,22.8,20.9,66.2,992.8,5.1,323,96.0,12.1,Clear,2.5,11.4,13.9,202.5,51.5,12.2,21.57,Été,Tempéré,Humide,Modéré,22.8,66.2
Tokyo,JP,35.6762,139.6503,2025-06-06,2025-06-06T22:48:46.175858,21.8,19.7,81.5,1014.1,1.3,162,95.6,13.4,Clear,2.5,56.2,101.1,992.4,101.0,35.8,21.56,Été,Tempéré,Très humide,Modéré,22.3,73.85
Tokyo,JP,35.6762,139.6503,2025-06-07,2025-06-07T22:48:46.175858,24.7,27.0,70.5,1034.5,7.3,285,0.0,13.9,Thunderstorm,2.3,40.9,73.3,342.3,24.4,47.6,23.05,Été,Tempéré,Humide,Modéré,23.099999999999998,72.73333333333333
Tokyo,JP,35.6762,139.6503,2025-06-08,2025-06-08T22:48:46.175858,21.6,21.6,65.7,1015.9,3.4,322,88.7,6.3,Clear,2.9,10.4,18.2,478.9,87.0,73.7,20.76,Été,Tempéré,Humide,Modéré,22.725,70.975
Tokyo,JP,35.6762,139.6503,2025-06-09,2025-06-09T22:48:46.175858,21.4,24.4,72.4,1028.0,3.3,139,79.5,15.3,Clouds,1.7,69.2,84.3,564.5,11.2,170.5,20.64,Été,Tempéré,Humide,Bon,22.46,71.26
Tokyo,JP,35.6762,139.6503,2025-06-10,2025-06-10T22:48:46.175858,19.0,19.1,67.1,1008.6,3.7,196,45.0,20.0,Clouds,1.7,95.5,122.4,998.0,98.9,73.7,18.06,Été,Tempéré,Humide,Bon,21.883333333333336,70.56666666666666
Tokyo,JP,35.6762,139.6503,2025-06-11,2025-06-11T22:48:46.175858,19.9,18.5,69.2,1034.2,5.7,294,33.8,6.7,Clear,2.3,11.0,14.0,1082.2,53.5,337.9,18.46,Été,Tempéré,Humide,Modéré,21.599999999999998,70.37142857142858
Tokyo,JP,35.6762,139.6503,2025-06-12,2025-06-12T22:48:46.175858,21.4,24.8,53.8,1011.0,1.3,327,29.4,17.5,Clouds,1.8,27.7,40.1,262.7,40.6,128.2,21.03,Été,Tempéré,Modéré,Bon,21.4,68.60000000000001
Tokyo,JP,35.6762,139.6503,2025-06-13,2025-06-13T22:48:46.175858,23.1,23.7,58.3,1001.3,11.0,311,100.0,20.0,Clear,2.6,8.3,15.9,647.2,25.1,84.8,20.38,Été,Tempéré,Modéré,Modéré,21.585714285714285,65.28571428571429
Tokyo,JP,35.6762,139.6503,2025-06-14,2025-06-14T22:48:46.175858,26.0,29.2,70.8,1002.7,8.9,15,72.6,6.8,Clouds,2.5,26.1,35.4,1136.9,26.8,141.6,23.94,Été,Chaud,Humide,Modéré,21.771428571428572,65.32857142857144
Tokyo,JP,35.6762,139.6503,2025-06-15,2025-06-15T22:48:46.175858,16.0,13.3,59.1,1008.5,12.9,108,72.3,10.0,Rain,1.8,10.4,16.6,342.4,29.9,320.5,12.77,Été,Tempéré,Modéré,Bon,20.97142857142857,64.38571428571429
Tokyo,JP,35.6762,139.6503,2025-06-16,2025-06-16T22:48:46.175858,21.0,18.8,64.0,1022.9,2.9,28,66.5,20.0,Clouds,1.9,20.4,25.0,173.2,10.2,87.9,20.3,Été,Tempéré,Humide,Bon,20.914285714285715,63.18571428571429
Tokyo,JP,35.6762,139.6503,2025-06-17,2025-06-17T22:48:46.175858,18.7,19.6,56.6,1021.3,10.9,279,52.4,10.8,Thunderstorm,2.9,103.2,159.3,267.7,29.5,89.3,15.97,Été,Tempéré,Modéré,Modéré,20.87142857142857,61.68571428571429
Tokyo,JP,35.6762,139.6503,2025-06-18,2025-06-18T22:48:46.175858,19.3,16.2,65.3,1032.5,6.1,326,7.2,13.4,Clouds,2.0,8.9,16.8,368.0,18.4,48.3,17.8,Été,Tempéré,Humide,Bon,20.785714285714285,61.128571428571426
Tokyo,JP,35.6762,139.6503,2025-06-19,2025-06-19T22:48:46.175858,17.4,18.1,63.0,1005.7,5.7,188,4.6,20.0,Clouds,2.4,20.8,33.1,159.3,60.6,98.6,15.95,Été,Tempéré,Humide,Modéré,20.214285714285715,62.44285714285714
Tokyo,JP,35.6762,139.6503,2025-06-20,2025-06-20T22:48:46.175858,21.8,22.4,52.0,989.7,11.3,279,40.1,8.0,Clouds,2.4,10.9,20.2,714.6,49.3,151.3,18.88,Été,Tempéré,Modéré,Modéré,20.02857142857143,61.542857142857144
Tokyo,JP,35.6762,139.6503,2025-06-21,2025-06-21T22:48:46.175858,22.5,23.5,59.7,1028.1,1.1,318,63.8,16.8,Mist,2.3,16.8,32.5,138.1,46.4,78.2,22.23,Été,Tempéré,Modéré,Modéré,19.52857142857143,59.957142857142856
Tokyo,JP,35.6762,139.6503,2025-06-22,2025-06-22T22:48:46.175858,14.6,14.8,54.9,1008.9,0.5,297,6.2,8.7,Thunderstorm,2.2,66.8,101.5,423.0,22.8,127.4,14.56,Été,Frais,Modéré,Modéré,19.328571428571426,59.357142857142854
Tokyo,JP,35.6762,139.6503,2025-06-23,2025-06-23T22:48:46.175858,18.6,14.9,59.4,1014.2,9.2,73,29.4,14.9,Clear,2.1,32.5,60.6,161.8,23.1,42.1,16.33,Été,Tempéré,Modéré,Modéré,18.985714285714288,58.699999999999996
Tokyo,JP,35.6762,139.6503,2025-06-24,2025-06-24T22:48:46.175858,16.3,16.2,57.9,1041.6,6.3,310,69.3,20.0,Clear,2.2,19.9,31.0,121.1,42.0,172.0,14.7,Été,Tempéré,Modéré,Modéré,18.642857142857142,58.885714285714286
Tokyo,JP,35.6762,139.6503,2025-06-25,2025-06-25T22:48:46.175858,15.7,16.4,83.9,1001.3,8.7,44,30.4,13.0,Clouds,1.8,5.9,8.6,223.2,33.7,120.2,13.22,Été,Tempéré,Très humide,Bon,18.12857142857143,61.542857142857144
Tokyo,JP,35.6762,139.6503,2025-06-26,2025-06-26T22:48:46.175858,22.3,22.7,60.4,1002.3,6.3,311,79.8,13.9,Rain,1.7,34.1,45.4,120.8,102.1,355.4,20.69,Été,Tempéré,Humide,Bon,18.82857142857143,61.17142857142857
Tokyo,JP,35.6762,139.6503,2025-06-27,2025-06-27T22:48:46.175858,15.3,17.4,45.2,1027.6,2.5,129,80.9,11.2,Clear,1.4,64.6,100.7,452.7,58.4,12.4,14.79,Été,Tempéré,Modéré,Bon,17.9,60.2
Tokyo,JP,35.6762,139.6503,2025-06-28,2025-06-28T22:48:46.175858,16.9,17.2,81.5,1014.5,2.3,36,14.8,15.0,Clear,2.6,18.9,37.3,228.0,66.6,30.0,16.21,Été,Tempéré,Très humide,Modéré,17.1,63.314285714285724
Tokyo,JP,35.6762,139.6503,2025-06-29,2025-06-29T22:48:46.175858,12.4,16.6,66.0,1050.3,3.2,308,6.9,9.9,Clear,2.1,9.1,12.6,505.2,16.8,106.8,11.47,Été,Frais,Humide,Modéré,16.785714285714285,64.89999999999999
Tokyo,JP,35.6762,139.6503,2025-06-30,2025-06-30T22:48:46.175858,15.6,14.1,84.8,985.0,5.9,168,73.9,15.9,Clear,3.1,27.7,47.5,489.5,102.5,81.3,13.9,Été,Tempéré,Très humide,Mauvais,16.357142857142858,68.52857142857142
Tokyo,JP,35.6762,139.6503,2025-07-01,2025-07-01T22:48:46.175858,14.8,13.6,73.9,1021.9,3.0,181,100.0,7.1,Clear,2.0,22.8,43.7,295.3,119.1,72.8,13.83,Été,Frais,Humide,Bon,16.142857142857142,70.81428571428572
Tokyo,JP,35.6762,139.6503,2025-07-02,2025-07-02T22:48:46.175858,20.0,23.4,67.4,1012.2,4.8,41,98.2,16.3,Rain,1.6,63.3,85.4,391.6,2.0,75.1,18.78,Été,Tempéré,Humide,Bon,16.75714285714286,68.45714285714286
Tokyo,JP,35.6762,139.6503,2025-07-03,2025-07-03T22:48:46.175858,14.1,12.7,72.1,1019.5,8.3,285,34.1,15.6,Clear,1.9,36.0,69.4,1052.7,44.3,93.7,11.9,Été,Frais,Humide,Bon,15.585714285714285,70.12857142857143
Tokyo,JP,35.6762,139.6503,2025-07-04,2025-07-04T22:48:46.175858,15.4,17.7,62.5,988.8,3.3,42,59.4,16.5,Rain,2.1,17.6,23.8,846.2,56.2,151.7,14.55,Été,Tempéré,Humide,Modéré,15.6,72.6
